id,latitude,longitude,acquisition_date,acquisition_time,frp,brightness_temperature,confidence,satellite,persistence_days,detection_count,fire_type,prediction_class,prediction_confidence,source
1001,22.4782,70.0612,2024-03-15,1830,68.4,365.2,0.96,VIIRS-NOAA20,42,88,Industrial Fire,HIGH,0.96,NASA FIRMS VIIRS 375m
1002,22.4820,70.0580,2024-03-15,1830,54.1,358.7,0.94,VIIRS-NOAA20,38,76,Industrial Fire,HIGH,0.94,NASA FIRMS VIIRS 375m
1003,22.4690,70.0710,2024-03-14,0815,48.2,349.5,0.92,VIIRS-SNPP,35,62,Industrial Fire,HIGH,0.92,NASA FIRMS VIIRS 375m
1004,19.0125,72.8950,2024-03-16,1915,82.5,372.1,0.97,VIIRS-NOAA20,65,142,Industrial Fire,HIGH,0.97,NASA FIRMS VIIRS 375m
1005,19.0080,72.9010,2024-03-16,1915,45.8,352.3,0.93,VIIRS-NOAA20,58,118,Industrial Fire,HIGH,0.93,NASA FIRMS VIIRS 375m
1006,22.0620,88.0840,2024-03-15,1845,39.6,346.8,0.91,VIIRS-NOAA20,28,45,Industrial Fire,HIGH,0.91,NASA FIRMS VIIRS 375m
1007,12.9850,74.8320,2024-03-14,1930,34.2,341.5,0.89,VIIRS-SNPP,22,38,Industrial Fire,HIGH,0.89,NASA FIRMS VIIRS 375m
1008,17.6868,83.2185,2024-03-15,1850,58.7,361.4,0.95,VIIRS-NOAA20,31,52,Industrial Fire,HIGH,0.95,NASA FIRMS VIIRS 375m
1009,21.6850,72.5850,2024-03-16,1835,46.1,351.0,0.92,VIIRS-NOAA20,24,41,Industrial Fire,HIGH,0.92,NASA FIRMS VIIRS 375m
1010,20.8420,85.1540,2024-03-16,1840,94.5,381.2,0.98,VIIRS-NOAA20,55,110,Industrial Fire,HIGH,0.98,NASA FIRMS VIIRS 375m
1011,22.2240,84.8810,2024-03-15,1842,76.3,368.5,0.95,VIIRS-NOAA20,48,95,Industrial Fire,HIGH,0.95,NASA FIRMS VIIRS 375m
1012,21.2050,81.3820,2024-03-14,1855,62.8,359.1,0.94,VIIRS-SNPP,40,82,Industrial Fire,HIGH,0.94,NASA FIRMS VIIRS 375m
1013,23.7540,86.4150,2024-03-16,1845,28.4,338.2,0.95,VIIRS-NOAA20,178,350,Persistent Thermal Source,HIGH,0.95,NASA FIRMS VIIRS 375m
1014,23.7610,86.4220,2024-03-16,1845,31.2,342.1,0.96,VIIRS-NOAA20,165,310,Persistent Thermal Source,HIGH,0.96,NASA FIRMS VIIRS 375m
1015,23.7480,86.4080,2024-03-15,1845,22.6,334.8,0.92,VIIRS-NOAA20,152,280,Persistent Thermal Source,HIGH,0.92,NASA FIRMS VIIRS 375m
1016,23.7820,85.9540,2024-03-15,1845,26.5,336.7,0.93,VIIRS-NOAA20,140,265,Persistent Thermal Source,HIGH,0.93,NASA FIRMS VIIRS 375m
1017,24.1150,82.6820,2024-03-16,1850,38.9,348.4,0.94,VIIRS-NOAA20,115,220,Persistent Thermal Source,HIGH,0.94,NASA FIRMS VIIRS 375m
1018,22.3850,82.7210,2024-03-15,1852,35.1,344.2,0.93,VIIRS-NOAA20,98,185,Persistent Thermal Source,HIGH,0.93,NASA FIRMS VIIRS 375m
1019,21.7820,83.9240,2024-03-14,1850,29.4,339.8,0.91,VIIRS-SNPP,85,160,Persistent Thermal Source,HIGH,0.91,NASA FIRMS VIIRS 375m
1020,24.1950,82.6240,2024-03-16,1850,42.1,350.6,0.95,VIIRS-NOAA20,125,245,Persistent Thermal Source,HIGH,0.95,NASA FIRMS VIIRS 375m
1021,30.3420,75.8210,2024-03-16,0810,14.2,318.4,0.82,VIIRS-NOAA20,2,3,Natural Fire,MEDIUM,0.82,NASA FIRMS VIIRS 375m
1022,30.4150,75.7640,2024-03-16,0810,18.5,322.6,0.85,VIIRS-NOAA20,2,4,Natural Fire,MEDIUM,0.85,NASA FIRMS VIIRS 375m
1023,31.1240,75.2150,2024-03-15,0812,12.8,316.2,0.79,VIIRS-NOAA20,1,2,Natural Fire,MEDIUM,0.79,NASA FIRMS VIIRS 375m
1024,29.8540,76.4120,2024-03-15,0812,16.1,320.1,0.83,VIIRS-NOAA20,3,5,Natural Fire,MEDIUM,0.83,NASA FIRMS VIIRS 375m
1025,22.8450,77.4120,2024-03-14,0825,21.4,326.8,0.86,VIIRS-SNPP,4,7,Natural Fire,MEDIUM,0.86,NASA FIRMS VIIRS 375m
1026,23.1250,78.2140,2024-03-14,0825,19.2,324.5,0.84,VIIRS-SNPP,3,6,Natural Fire,MEDIUM,0.84,NASA FIRMS VIIRS 375m
1027,21.8450,79.1240,2024-03-15,0820,15.6,319.8,0.81,VIIRS-NOAA20,2,3,Natural Fire,MEDIUM,0.81,NASA FIRMS VIIRS 375m
1028,26.4520,80.3210,2024-03-16,0815,11.2,314.5,0.75,VIIRS-NOAA20,2,2,Natural Fire,MEDIUM,0.75,NASA FIRMS VIIRS 375m
1029,27.1850,78.0120,2024-03-16,0818,8.4,310.2,0.68,VIIRS-NOAA20,1,1,Other,LOW,0.68,NASA FIRMS VIIRS 375m
1030,28.6250,77.2150,2024-03-15,1900,9.8,312.4,0.71,VIIRS-NOAA20,1,2,Other,LOW,0.71,NASA FIRMS VIIRS 375m
1031,19.8820,85.8240,2024-03-14,1920,6.5,308.1,0.62,VIIRS-SNPP,1,1,Other,LOW,0.62,NASA FIRMS VIIRS 375m
1032,13.0827,80.2707,2024-03-15,1910,12.1,315.6,0.72,VIIRS-NOAA20,2,3,Other,LOW,0.72,NASA FIRMS VIIRS 375m
